0, EURUSD
1, EURUSD;USDJPY;EURJPY
2, Apple
3, Facebook;Amazon
4, Apple;Goldman Sachs;Tencent Holdings;Accounting and Audit Issues;Environmental Group Ltd
5, Apple;Facebook;Alphabet;Amazon;Samsung Electronics;Macy's;Pandora Media;Wipro;Spotify
6, Amazon;AdEPT Telecom
7, Microsoft;Sony;Samsung Electronics
8, Alphabet;Qualcomm
9, Apple;AT&T;Verizon
10, Apple;Alphabet;Samsung Electronics
11, Brexit
12, Apple;Carclo;Analyst Upgrades
13, Apple
14, Alter Abadi Tbk
15, Apple;Bitcoin
16, Den
17, Mediaset;Silvio Berlusconi
18, Emmanuel Macron
19, REAL
20, Brexit;Banca Profilo SpA
21, Donald Trump
22, Bitcoin;Ripple;BitFinex;BEGistics PCL
23, Cree;SEIS
24, Finsbury Food
25, Commerzbank
26, Oil
27, Silvio Berlusconi
28, Theresa May
29, Brexit;Referendum;Referendums
30, Elections
31, Sistema
32, Bitcoin
33, Ethereum;Ripple;MarketsFlow
34, International Business Machines;Patents
35, Dow Jones;S&P 500
36, IPOs and New Listings
37, Brexit;Snap Inc;Meadow Bay Gold
38, Hillary Clinton
39, Royal Dutch Shell
40, Fraud;Elections
41, Bankruptcy
42, Carta
43, Brexit;Snap Inc
44, Infosys
45, NSE Nifty;Infosys
46, Referendum;Referendums
47, AT&T;UBS Group
48, Comcast
49, Matteo Salvini
50, Coach
51, Apple;Caterpillar;Nike;Accounting and Audit Issues
52, Bitcoin;Acquisitions
53, Siemens
54, Comcast;Den
55, Volkswagen
56, Acquisitions
57, Bayer;Den
58, General Motors
59, Apple;Facebook;Alphabet;Microsoft;Fomento de Construcciones y Contratas;Elections
60, Referendum
61, Sistema;Segura
62, NSE Nifty;BSE Sensex
63, Medicare Group
64, Apple;Den
65, Nasdaq 100;Russell 2000
66, Monsanto;Impresa;Patents
67, Bitcoin;Ethereum
68, Narendra Modi
69, Walt Disney;Sky Plc;Comcast;Twenty First Century Fox;D'Amico SpA;Distil;Fox Marble
70, Match
71, Transit
72, IPOs and New Listings;Casi Pharmaceuticals
73, Borussia Dortmund;Dietmar Hopp
74, Walt Disney;D'Amico SpA;Distil
75, InterGlobe Aviation
76, RWE
77, Repsol
78, Brexit;Snap Inc;Elections;Rumours
79, New World Oil and Gas;Referendum;Referendums
80, Sky Plc;Comcast
81, Super;Match
82, Angela Merkel
83, Referendum;Den
84, AUDI;Den;Angela Merkel
85, Alphabet;Amazon
86, Apple;Target
87, Amazon;Dixons Carphone
88, Facebook;Boeing;Airbus
89, Raiffeisen Bank International AG
90, Barack Obama
91, Sony;Den
92, AUDI;Den
93, Apple;Nike;ConAgra;Accounting and Audit Issues
94, Kroger;Earnings
95, Starbucks
96, MiMedx
97, Microsoft
98, Micron Technology
99, Advanced Micro Devices
100, REAL;Den
101, Lloyds Banking Group
102, Dassault Aviation
103, Super;Den
104, LEM Holding SA;Den
105, Amerisource Bergen;Referendum;Referendums
106, Gold
107, Impresa
108, Partnerships
109, Cloudera
110, Brexit;Den
111, Amazon
112, Apple;Bodycote;Accounting and Audit Issues
113, GBPUSD;Brexit;MarketsFlow
114, Tesla
115, Bitcoin;Gemini
116, Cree
117, Apple;Cree;UNITE;Brexit;YouGov;Theresa May
118, SEIS;United States Oil Fund LP;Manchester United;REAL
119, Facebook;Mediaset
120, Apple;Alphabet;CitiGroup;Samsung Electronics;U.S. Bancorp;Nintendo
121, Ethereum;Ripple
122, Oil;MarketsFlow
123, Apple;Accounting and Audit Issues
124, Apple;Bitcoin;Accounting and Audit Issues
125, Apple;REAL
126, Ball
127, Den;Matteo Salvini
128, Ball;Den
129, Ripple;Partnerships
130, Biogen Idec
131, Delta Air Lines;Delta Electronics Thailand
132, USDJPY
133, AUDUSD
134, Facebook
135, Alphabet
136, Validus Holdings
137, Ripple
138, Brexit;Elections;Referendum;Referendums
139, Rumours
140, GBPUSD
141, Brexit;Snap Inc;Elections
142, Netflix;Amazon;Comcast;Den
143, C P Pokphand
144, Bayer
145, Netflix;NVIDIA
146, Twitter
147, Bitcoin;Banco de Chile;Ripple;Bitcoin Cash;MarketsFlow;Bangkok Chain Hospital Pcl;BEGistics PCL
148, Gold;Den
149, Brexit;Referendum;Den
150, Bayer;Borussia Dortmund;Den
151, Twitter;Earnings
152, Brexit;Den;Theresa May
153, Orange;Den
154, Den;Emmanuel Macron
155, Boeing;General Electric
156, Twitter;RWE;Den
157, Brexit;Elections
158, Brexit;Den;Emmanuel Macron
159, Brexit;Referendum;Den;Theresa May
160, Donald Trump;Den
161, Den;Angela Merkel
162, Riots
163, Microsoft;Tencent Holdings
164, UnitedHealth Group
165, S&P 500
166, Ethereum;Eaton Vance Enhanced Equity Income Fund II;EOS;Business Expansion
167, Informa
168, FTSE 100
169, CVS Health
170, Federal Reserve System
171, Masco;Melco Crown Entertainment;Mesa Minerals Ltd
172, Federal Reserve System;MarketsFlow
173, Deutsche Bank;Commerzbank
174, Palladium
175, Bitcoin;BitFinex;BEGistics PCL
176, Telegram
177, Next
178, SEIS
179, Mercom Capital;Medley Capital Corp
180, Den;Barack Obama
181, Netflix
182, Sky Plc
183, Advance Auto Parts
184, Tesoro;Sistema
185, Twitter;Repsol;SEIS
186, Bitcoin;Altcoin
187, PayPal
188, Facebook;Toyota Motor
189, Brexit;YouGov;Theresa May
190, Apple;Informa;Sistema
191, Apple;Barclays
192, Tesla;Daimler;Porsche Automobil
193, Brexit;Theresa May
194, Ernst & Young (EY);IPOs and New Listings
195, SAP
196, Credo
197, Twitter;Informa
198, Fraud
199, Dow Jones
200, Intel;Advanced Micro Devices
201, Oracle
202, Apple;Amazon;Adobe Systems;ServiceNow;NVIDIA;Accounting and Audit Issues
203, Brexit;MarketsFlow
204, Walt Disney;Sky Plc;Comcast
205, Asura Development
206, MarketsFlow
207, Ripple;MarketsFlow
208, Alibaba
209, Deutsche Bank
210, AVEVA
211, Kimco Realty;Petkim Petrokimya Holding
212, Danske Bank;Money Laundering
213, Bitcoin;Ethereum;Litecoin;Ripple;Monero;Eaton Vance Enhanced Equity Income Fund II;EOS;Bitcoin Cash;Cardano;Stellar;IOTA
214, Marvel
215, Dell Technologies;IPOs and New Listings
216, Mediaset
217, Pfizer;AbbVie
218, EURUSD;USDCAD;MarketsFlow
219, SEIS;REAL;Asura Development
220, Ventas;San Miguel
221, Bitcoin;Simulations Plus;Sylvania Platinum;Bitcoin Cash;Salee Printing PCL
222, CAE
223, Apple;Alphabet;Microsoft;Amazon;Staples;Trigger
224, Danske Bank
225, Donald Trump;Carta
226, SEIS;REAL
227, Sistema;SEIS
228, Intel
229, Fujitsu
230, Secret Escapes
231, Brexit;Referendum;Theresa May
232, Magic Leap
233, FedEx
234, Luigi Di Maio
235, Apple;BSE Sensex;Accounting and Audit Issues
236, FedEx;Super
237, Walt Disney
238, USDJPY;CHFJPY
239, Toyota Motor
240, Apple;Metro
241, Bitcoin;Eurotech SpA;Ethereum;Ripple;Altcoin;Ethan Allen Interiors;BEGistics PCL
242, Executives Management
243, IP Group;Dell Technologies;IPOs and New Listings;Intersport Polska SA
244, Philip Morris
245, Canadian Imperial Bank of Commerce;Executives Management
246, Apple;Boeing;Home Depot;Nike;Dow Jones;Accounting and Audit Issues
247, New York Times
248, Analyst Upgrades
249, Brexit;GBPJPY
250, Barclays;AUDUSD
251, Vanguard FTSE Emerging Markets ETF
252, Apple;Tesoro;Sistema
253, Apple;SEIS
254, Sistema;SEIS;San Miguel
255, Cash Poker Pro
256, USDCNY;Bank of China
257, Man Group;IPOs and New Listings;Emergent Resources Ltd
258, Metro
259, Pillar
260, Peugeot
261, Apple;Sistema;Cintas;Concha;Carta
262, Blackstone;IPOs and New Listings
263, China Pacific Insurance;SAIC Motor;Guanghui Energy
264, Singapore Airlines
265, NSE Nifty
266, BSE Sensex;MarketsFlow
267, Oil;Brent Oil
268, NSE Nifty;Bharti Infratel Ltd
269, Twitter;Blockchain
270, Apple;Facebook;Alphabet;Netflix;Dow Jones;Amazon
271, FreightCar America
272, Nike;Earnings
273, IBEX 35;Brexit;SEIS
274, Kobe Steel
275, Cie Generale des Etablissements Michelin;Millennial Lithium;Mida Leasing PCL
276, Invesco
277, Goldman Sachs;IPOs and New Listings
278, Hang Seng;Den
279, Apple;SEIS;REAL
280, SEIS;Donald Trump;Lava Jato (Brazil)
281, Ventas
282, Tesoro;BCE;SEIS;Mario Draghi
283, Apple;Gold;Sistema;SEIS;Airbnb;Banco Mercantil de Investimentos SA;REAL
284, Apple;Raymond James;CRISPR Therapeutics;Accounting and Audit Issues
285, Apple;Cipla;Tata Steel;Accounting and Audit Issues
286, Apple;Tata Steel;Accounting and Audit Issues
287, Tata Steel
288, Informa;Ventas;Blockchain;Iberdrola SA;Vivendi;ABA English;Tandem
289, Yes Bank
290, Barrick Gold
291, Apple;IBEX 35;Iberdrola SA
292, Apple;NSE Nifty;Accounting and Audit Issues;Bharti Infratel Ltd
293, Alphabet;Microsoft;Amazon;FinnAust Mining;FAM Grupa Kapitalowa;Bharti Infratel Ltd
294, Oil;Bharti Infratel Ltd
295, Bharti Infratel Ltd
296, Apple;Nielsen;Cree;Sistema;Donald Trump
297, GBPJPY
298, Flipkart
299, Brexit;Banca Profilo SpA;Elections;Referendum;Referendums
300, Tata Global Beverages Ltd
301, Just Dial Ltd
302, Sistema;SEIS;Donald Trump;REAL
303, Coca-Cola;Den
304, AUDI
305, NSE Nifty;BSE Sensex;Tata Steel;MarketsFlow
306, Boeing;BAE Systems;Bangkok Airways;Bell Aliant Inc
307, BSE Sensex;Raiffeisen Bank International AG
308, Apple;Bank of America;CitiGroup;JP Morgan Chase & Co;Hydro One;Shopify;XING AG;Financial Select Sector SPDR Fund;Canada Goose;Accounting and Audit Issues
309, Oil;Natural gas;Bharti Infratel Ltd
310, Sugar;Den
311, NSE Nifty;Tata Steel;Indiabulls Ventures
312, IP Group;IPOs and New Listings;Intersport Polska SA
313, EURUSD;Deere & Co
314, Tata Consultancy Services;ICICI Bank;Hindalco
315, Uber Technologies
316, Abertis Infraestructuras SA
317, Progressive;Donald Trump;Lehman Brothers;Den;Hillary Clinton;Narendra Modi;Matteo Salvini
318, Harris;Den
319, NSE Nifty;BSE Sensex;Bharti Airtel
320, Oil;Unione di Banche Italiane
321, Tesla;Den
322, Jindal Steel & Power
323, Jindal Steel & Power;Fraud
324, Tata Steel;Jindal Steel & Power;Usha Martin Ltd
325, Dow Jones;Gold;Silver
326, Altitude Group;Altran Technologies SA;Altcoin;Analytica Ltd;Altimmune Inc;Alturas Minerals;ALT Telecom
327, Bitcoin;Litecoin;Bitcoin Cash
328, Apple;DLF;Yes Bank;Reliance Capital;Accounting and Audit Issues;IFCI Ltd
329, DLF
330, Russell 2000
331, Saudi Aramco
332, EIS;Den
333, Wells Fargo
334, Technical Analysis
335, Avigilon
336, Target;FTSE MIB Index
337, Pidilite Industries Ltd
338, L & T Technology Services Ltd
339, Oberoi Realty Ltd
340, IL & FS Investment Managers Ltd
341, Apple;Accounting and Audit Issues;IL & FS Investment Managers Ltd
342, Goodman Property Trust;IL & FS Investment Managers Ltd
343, Mars
344, Raiffeisen Bank International AG;MarketsFlow
345, Facebook;Alphabet;Amazon
346, Apple;Nike;Columbia Sportswear;Accounting and Audit Issues
347, Carrefour
348, Gold;Silver;Palladium;US Oil Sands;iShares Silver Trust;United States Oil Fund LP;iPath S&P GSCI Crude Oil Total Return Index ETN;Selvita Plc;Petrolinvest SA;Optiscan Imaging Ltd;Sunopta Inc;Thrace Plastics Co SA;Platinum PCL
349, Commerzbank;Den
350, Randgold Resources;Barrick Gold
351, Facebook;Cree;Carta
352, Euronext
353, Savills
354, Fitbit
355, GBPUSD;Snap Inc
356, Australia New Zealand Banking;MarketsFlow
357, Chemtrade Logistics;Sapiens International
358, Statoil
359, Informa;REAL;Carta
360, Carta;New York Times
361, Sherritt International;IPOs and New Listings
362, Solvay
363, Apple;Facebook;Alphabet;Accounting and Audit Issues
364, GBPUSD;Brexit
365, Tesla;Sony;AUDI;Den
366, Brexit;Referendum
367, Kraken;Den
368, FTSE MIB Index
369, Chemtrade Logistics
370, Litecoin;Ripple;Bitcoin Cash
371, IL & FS Transportation Networks Ltd
372, Godrej Properties Ltd
373, 500 startups
374, Blockchain
375, Icici Direct Research
376, Apple;Accounting and Audit Issues;MarketsFlow
377, UNIQA Insurance Group
378, GlaxoSmithKline;Fresnillo
379, SAP;Henkel
380, NSE Nifty;BSE Sensex;MarketsFlow
381, Sistema;Volkswagen
382, USDINR
383, Tesoro
384, Sapiens International;REAL
385, Gold;Barrick Gold
386, Apple;BSE Sensex;Maruti Suzuki;Accounting and Audit Issues
387, Sistema;Donald Trump
388, Ethereum
389, Dow Jones;Comcast;Nikkei 225
390, FTSE 100;Peugeot
391, FTSE 100;Den
392, DAX 30
393, Phoenix
394, BSE Sensex
395, NSE Nifty;BSE Sensex;Yes Bank
396, Cleo
397, Gazprom Neft;IPOs and New Listings
398, Apple;Amazon;IGM Financial;Fitbit;Igarashi Motors India;Netgear;Italgas SpA;Flexigroup;ARRIS International;Vanguard Information Technology ETF;Technology Select Sector SPDR Fund;First Trust Dow Jones Internet ETF
399, JP Morgan Chase & Co;Vanguard Total World Stock ETF;DigiPulse
400, Capita Group;Nikkei 225;Federal Reserve System;MarketsFlow;Condor Petroleum Inc;Capitec Bank Holdings;Chumporn Palm Oil Ind Public Co;CPI SA
401, NHPC
402, Apple;Oil;NSE Nifty;NHPC;Accounting and Audit Issues
403, Apple;Gold;Accounting and Audit Issues
404, Apple;Facebook;Alphabet;Netflix;S&P 500;Accounting and Audit Issues
405, Foundation Medicine
406, Apple;Qualcomm
407, Amazon;Fraud
408, Future Plc
409, Nikkei 225
410, FTSE 100;DAX 30;CAC 40
411, Ramkrishna Forgings Ltd
412, Fraud;Sterling Biotech Ltd
413, Sterling Biotech Ltd
414, Apple;Accounting and Audit Issues;Sterling Biotech Ltd
415, Suzuki Motor
416, Oil;Baker Hughes
417, NSE Nifty;BSE Sensex;Housing Development Finance;MarketsFlow
418, FTSE 100;CAC 40
419, Cleo;Series A Investing
420, Royal Mail
421, Randgold Resources;Barrick Gold;Australian Bauxite Ltd
422, ARM;Graham;Den
423, GAZPROM
424, Gold;Randgold Resources;Barrick Gold
425, Michelle Obama
426, Morgan Stanley
427, Vittoria Assicurazioni SpA
428, Marico Ltd
429, SP Plus Corp;Marico Ltd
430, Danske Bank;Eurocash SA
431, IBEX 35;CAE
432, Xiaomi
433, Thomas Cook
434, A2A
435, Siemens;Den
436, Ball;Donald Trump;Den
437, Booker
438, Apple;NSE Nifty;BSE Sensex;Accounting and Audit Issues
439, Apple;Sistema;SEIS;REAL;Carta
440, CIE Automotive SA
441, Coach;Den
442, IMI
443, Target;Poligrafica SpA
444, ITD Cementation India Ltd
445, Monsanto;Executives Management;Monsanto India Ltd
446, Monsanto India Ltd
447, MarketsFlow;Monsanto India Ltd
448, Thomas Cook;Den
449, easyJet
450, Coach;Manchester United
451, Twitter;AVEVA
452, Apollo Tyres;Apollo Food
453, Golden Agri-Resources;Apollo Tyres
454, Bank of Baroda;Punjab National
455, Punjab National
456, Oil;Indian Oil Corp
457, Bitcoin;Business Expansion
458, Bitcoin;Initial Coin Offerings
459, Apple;Oil;Accounting and Audit Issues
460, Tiffany;Den
461, EURUSD;EURJPY
462, Indian Oil Corporation
463, Mediaset;Den;Matteo Salvini;Silvio Berlusconi
464, Sage;Raiffeisen Bank International AG
465, Ethereum;Ethereum Classic
466, RCS MediaGroup SpA
467, Bitcoin;Ripple;Den
468, Madrigal Pharmaceuticals
469, AIM
470, Biocon Ltd
471, Oil;Biocon Ltd
472, Sage;Coach;Den
473, Den;New York Times
474, Coca-Cola
475, Telecom Italia
476, Apple;Comcast
477, Apple;Oil;Jet Airways India;Accounting and Audit Issues
478, Jet Airways India
479, ConAgra;Jet Airways India
480, Oil;Jet Airways India
481, Apple;Alphabet
482, Kering
483, KPMG;IPOs and New Listings
484, Nintendo
485, USDJPY;EURJPY
486, USDCHF
487, Bitcoin;Cardano;Den
488, Volvo;Den
489, Natural gas
490, Opera Software
491, Saudi Aramco;IPOs and New Listings
492, S&P 500;DAX 30
493, Bitcoin;Cardano
494, Factom;Den
495, Facebook;Den
496, GBPUSD;Brexit;Danske Bank
497, Litecoin
498, Walt Disney;Netflix
499, Sky Plc;Comcast;FTSE 100;Randgold Resources;Barrick Gold
500, Thomas Cook;Profit Warning
501, Binance;Business Expansion
502, Oil;W&T Offshore
503, Monaco;Den
504, Housing Development Finance;Raiffeisen Bank International AG
505, Housing Development Finance
506, Old Mutual
507, Oil;Brexit;MarketsFlow
508, Imdex Ltd
509, Tamedia AG
510, Ramco Systems Ltd
511, Santander Consumer USA;Ramco Systems Ltd
512, Raiffeisen Bank International AG;Ramco Systems Ltd
513, Apple;NSE Nifty;DLF;Accounting and Audit Issues;Ramco Systems Ltd
514, Match;Den
515, Monero
516, Apple;Oil;NSE Nifty;BSE Sensex;Auto Trader Group;Accounting and Audit Issues
517, Oil;Unione di Banche Italiane;Altran Technologies SA;Altech Chemical Ltd;Alahli Takaful Co
518, Twitter;Den
519, Initial Coin Offerings
520, EURJPY
521, Carrefour;Den
522, Emerson Electric;Empresaria Group;Emerald Resources NL
523, TVS Motor
524, Bharti Airtel
525, Tiffany
526, USDCAD
527, BCE
528, Goldman Sachs
529, State Bank of India
530, Apple;Dewan Housing Finance Corp;Accounting and Audit Issues
531, Dewan Housing Finance Corp
532, Amazon;Products & Projects Launches
533, Progressive;SEIS;Donald Trump;Bloomberg;Emmanuel Macron
534, GBPUSD;EURGBP
535, PricewaterhouseCoopers (PWC);Cia Brasileira de Distribuicao
536, Ball;Match;Den
537, NSE Nifty;BSE Sensex;Infosys;MarketsFlow
538, Insulet;Earnings
539, Facebook;Amazon;Amazon Echo
540, Informa;Donald Trump
541, Apple;Accounting and Audit Issues;IPOs and New Listings
542, Brexit;Revolut
543, USDINR;ING Group NV
544, Informatica
545, ETFs;Den
546, Acotel Group SpA
547, Facebook;Riots;Den
548, Apple;FTSE 100;Accounting and Audit Issues
549, Earnings;Delmar Pharmaceuticals
550, Square
551, Brexit;Intesa Sanpaolo;Theresa May
552, EIS
553, EURUSD;GBPUSD;USDJPY;USDCHF;Brexit;MarketsFlow
554, Bitcoin;Stellar
555, Amerisource Bergen
556, FTSE MIB Index;Sapiens International
557, Sapiens International
558, Apple;Cash Poker Pro;Accounting and Audit Issues
559, Apple;Accounting and Audit Issues;Revolut
560, Power Finance Corp
561, NSE Nifty;BSE Sensex;Power Finance Corp
562, CAC 40
563, AVEVA;Luigi Di Maio
564, Fintech
565, Centra
566, Apple;Altitude Group;Altran Technologies SA;Altcoin;Analytica Ltd;Altimmune Inc;Alturas Minerals;ALT Telecom
567, Lykke
568, Facebook;Matteo Salvini
569, Boeing
570, Earnings
571, Tesla;Tesla Model 3
572, First Quantum Minerals;IL & FS Transportation Networks Ltd
573, Executives Management;IL & FS Transportation Networks Ltd
574, Morgan Stanley;MarketsFlow
575, Air China;Den
576, Barclays;S&P 500;Spirax-Sarco;IPOs and New Listings;Spectrum Rare Earths Ltd
577, Mars;Den
578, Storm
579, Volvo
580, NVIDIA
581, Earnings;Astrotech Corp
582, Sistema;REAL
583, Vmware;Dell Technologies;IPOs and New Listings
584, Apple;S&P 500;Accounting and Audit Issues
585, Tencent Holdings
586, Amlin
587, Walt Disney;Oil;Sky Plc;Comcast;Randgold Resources;Barrick Gold;Fox Marble
588, S&P 500;Spirax-Sarco;Spectrum Rare Earths Ltd
589, Apple;NSE Nifty;BSE Sensex;Accounting and Audit Issues;MarketsFlow
590, Humana
591, Bloomberg
592, AUDUSD;Technical Analysis
593, EURUSD;CME Group
594, Amazon;Den
595, Bitcoin;Bitcoin Investment Trust
596, Target;Banca IFIS SpA
597, Sirius XM
598, Super
599, Brexit;Global Petroleum;MarketsFlow
600, Eurotech SpA;Ethereum;Ripple;MarketsFlow;Ethan Allen Interiors
601, Banco BPM
602, Executives Management;Mindtree Ltd
603, NTPC;Business Expansion
604, NTPC
605, Pandora Media
606, Apple;Oil;NSE Nifty;BSE Sensex;Accounting and Audit Issues
607, Fidia SpA
608, Facebook;Alphabet;Netflix;S&P 500
609, Apple;Ascena Retail;Accounting and Audit Issues;Earnings
610, Gemini
611, Chicago Bridge & Iron
612, Wal-Mart Stores
613, International Business Machines
614, Amarin
615, Brent Oil
616, AB Science
617, Nautilus;Den
618, Sage;Den
619, IP Group;IPOs and New Listings;Earnings;Intersport Polska SA
620, GBPUSD;CME Group
621, ARM
622, Oil;NSE Nifty;BSE Sensex
623, Total SA;Statoil;Domino Printing Sciences;Total Produce;US Oil Sands;ProShares UltraShort Bloomberg Crude Oil;VanEck Vectors Oil Services ETF;PowerShares DB Oil Fund;ProShares Ultra Bloomberg Crude Oil;VelocityShares 3x Inverse Crude Oil ETN;Energy Select Sector SPDR Fund;VelocityShares 3x Long Crude Oil ETN;United States Oil Fund LP;iPath S&P GSCI Crude Oil Total Return Index ETN;Santos Limited;Darco Water Technologies
624, Target;IMI
625, S&P 500;Advanced Micro Devices
626, Bitcoin;Ethereum;MarketsFlow
627, Microsoft;Bang & Olufsen
628, Juro
629, Target;Atlantia
630, Sirius XM;Pandora Media;Primero Mining;Sansiri Public Co
631, S&P 500;Spirax-Sarco;Amarin;Spectrum Rare Earths Ltd
632, Apple;Comcast;Twenty First Century Fox;Sirius XM;Alexion Pharma;Accounting and Audit Issues;Sansiri Public Co
633, Capital Raising
634, Carillion;Bankruptcy
635, Cognex
636, GBPUSD;AUDUSD;National Bank of Canada;Brexit
637, Tata Consultancy Services
638, Royal Dutch Shell;Cheniere Energy;BASF
639, Chicago Bridge & Iron;Fraud
640, Icici Direct Research;Graphite India Ltd
641, Ashoka Buildcon Ltd
642, Symantec;Earnings
643, Bank of Baroda
644, Bitcoin;Den
645, Sky Plc;Comcast;Analyst Downgrades
646, Blackstone;TP Group
647, Dialog Semiconductor
648, Wal-Mart Stores;Flipkart
649, EURUSD;GBPUSD;USDJPY;Gold;AUDUSD;USDCHF;USDRUB
650, Apple;Tesco;IPOs and New Listings;Rumours
651, Patents
652, USDCAD;AUDUSD
653, Randgold Resources
654, Apple;EURUSD
655, Flexshopper Inc
656, Mail.Ru Group
657, Gold;Randgold Resources;Barrick Gold;Den
658, Bank of America;NVIDIA
659, Apple;American Express;Visa;Mastercard;Commerzbank;PayPal;Den
660, Spotify;Acquisitions
661, Ford Motor;Daimler;iShares MSCI India ETF;WisdomTree India Earnings Fund;iShares S&P India Nifty 50 ETF;PowerShares India Portfolio;Direxion Daily India Bull 3x Shares;EGShares India Consumer ETF;Vale Indonesia;TUI AG;Arkema SA;LDK Solar;Indika Energy;Lenzing AG;Morgan Stanley India Investment Fund
662, Sistema;Carta
663, Bilfinger
664, Finisar
665, Oil;USDCAD
666, Luigi Di Maio;Matteo Salvini
667, Blackstone
668, Bitcoin;Potash;Neos Therapeutics;Poloniex;Volt Resources Ltd;Port Of Tauranga Ltd;Gorman-Rupp Co;Xebec Adsorption
669, Apple;salesforce.com
670, Bank of America;CitiGroup;JP Morgan Chase & Co;Wells Fargo;Hydro One;Shopify;XING AG;Canada Goose;Wall Financial Corp
671, Microsoft;Partnerships
672, Morningstar
673, JP Morgan Chase & Co
674, Gold;Barrick Gold;TELUS;Wheaton Precious Metals
675, Symantec;NetApp;Apartment Investment & Management
676, Caterpillar;Coca-Cola;Dow Jones
677, Symantec;Sirius XM
678, Micron Technology;Earnings
679, Business Expansion
680, Amazon;Square
681, Roche Holding
682, Vinci
683, Apple;Micron Technology;TRANSOCEAN
684, Advanced Micro Devices;Rubicon Ltd
685, Ibovespa Brasil Sao Paulo Stock Exchange Index;Ibovespa
686, Softbank
687, UNITE
688, Deutsche Bank;Money Laundering
689, Revolut
690, Apple;Oil;NSE Nifty;Accounting and Audit Issues
691, Intrexon
692, General Electric;Brexit
693, Twitter;REAL
694, Conygar Investment
695, Microsoft;Adobe Systems;SAP
696, Amgen;Biogen Idec;Celgene;Novo Nordisk;iShares Nasdaq Biotechnology ETF;Nvoi Ltd
697, IPOs and New Listings;MarketsFlow
698, Adobe Systems
699, BCE;Mario Draghi
700, Snap Inc
701, S&P 500;Dow Chemical
702, Cree;Informa
703, Sears Holdings;Bankruptcy
704, NetSuite;Virgin America Inc
705, GPDR
706, Mario Draghi
707, Credit Suisse Group;Business Expansion
708, Taxify
709, Comcast;Avon;Caesars;Analyst Downgrades
710, Apple;Corning;Allstate
711, Den;George Soros
712, Bialetti Industrie SpA
713, Microsoft;Adobe Systems;SAP;salesforce.com
714, Den;George Soros;Viktor Orban
715, S&P 500;Earnings
716, Pfizer
717, Chip Eng Seng Corp;Partnerships
718, salesforce.com
719, Microsoft;SAP
720, Donald Trump;Kim Jong Un
721, Bank of Baroda;Dena Bank
722, Dena Bank
723, Motorola Solutions;Lenovo Group;Flipkart;Dena Bank
724, Microsoft;Derma Sciences;Dena Bank
725, Apple;JD.com;Alibaba;Baidu;JD Sports Fashion;Accounting and Audit Issues;Nickelore Ltd;Niocan Inc
726, San Miguel
727, Aimia
728, Dow Jones;Comcast;Den
729, Sistema;Den
730, Match;IPOs and New Listings
731, Barrick Gold;Australian Bauxite Ltd
732, Apple;S&P 500;Nasdaq 100;Accounting and Audit Issues
733, Apple;salesforce.com;Carbon Minerals Ltd
734, Borussia Dortmund;Den
735, Hays
736, Apple;Johnson & Johnson;Pfizer;AbbVie;Health Care Select Sector SPDR Fund;Accounting and Audit Issues
737, Consolidated Edison
738, Crombie;Earnings
739, AT&T
740, Nike
741, Transit;Den
742, Den;Mario Draghi
743, Apple;salesforce.com;Accounting and Audit Issues
744, Apple;Amazon
745, Monzo
746, Walt Disney;S&P 500;Sky Plc;Spirax-Sarco;DataTec;Spectrum Rare Earths Ltd
747, Apple;Sistema;Segura;SEIS;Matteo Salvini
748, Airbus;Air Partner;AAR Corp;Astivita Ltd
749, Walt Disney;Sky Plc
750, Microsoft;Adobe Systems;SAP;Saputo;SES SA;Partnerships;Sappi Limited
751, London Stock Exchange
752, European Central Bank;Mario Draghi
753, Oragenics Inc
754, Cannabics Pharmaceuticals
755, Brexit;Patents
756, Borussia Dortmund
757, Sony;Nintendo;UMT United Mobility Technology AG
758, Santander Consumer USA;Elections
759, Santander Consumer USA
760, Wal-Mart Stores;State Bank of India;Flipkart
761, AT&T;S&P 500;Deutsche Bank;Time Warner;Spirax-Sarco;Earnings;Spectrum Rare Earths Ltd
762, Microsoft;Amazon
763, Novartis
764, Apple;Facebook;Alphabet;Netflix;Accounting and Audit Issues
765, State Bank of India;Advance Auto Parts
766, Solvay;Donald Trump
767, Amazon;Patents
768, National Express
769, Origo Partners;Opporty
770, Barclays
771, Apple;Microsoft;Cisco;International Business Machines;Accenture;SAP;salesforce.com
772, ETFs
773, Bitcoin;Cubed Inc
774, Twitter;Mediaset;Den;Matteo Salvini;Silvio Berlusconi
775, Ethereum;Eaton Vance Enhanced Equity Income Fund II;EOS
776, On The Beach
777, Apple;Gold;Randgold Resources;Barrick Gold;Accounting and Audit Issues
778, Mastercard
779, EURJPY;AUDCAD
780, Hess
781, Walt Disney;Comcast;D'Amico SpA;Distil
782, Apple;GBPUSD;S&P 500;FTSE 100;Accounting and Audit Issues;MarketsFlow
783, Intel;Advanced Micro Devices;Jefferies Research
784, Fusionex International;Guggenheim China Technology ETF;iShares China Large-Cap ETF;iShares MSCI Emerging Markets ETF;KraneShares CSI China Internet ETF
785, Canopy Growth;Costa Group
786, SEIS;San Miguel
787, Sears Holdings;Cash Poker Pro;Bankruptcy
788, AVEVA;New York Times
789, Renault
790, Apple;Dow Jones;Oil;Delta Air Lines;Southwest Airlines;United Continental;JetBlue Airways;American Airlines Group;Accounting and Audit Issues
791, Apple;CAC 40;Accounting and Audit Issues
792, Apple;IBEX 35;Accounting and Audit Issues
793, Facebook;Alphabet;Netflix;S&P 500;Amazon
794, Weight Watchers
795, Western Union;MoneyGram International;Ripple
796, Yes Bank;Dewan Housing Finance Corp
797, Walt Disney;Business Expansion
798, Sirius XM;Sansiri Public Co
799, Super;BCE
800, Bitcoin;BEGistics PCL
801, S&P 500;Amazon;Spirax-Sarco;Snap Inc
802, De Bien;George Soros;New York Times
803, Amazon;Snap Inc
804, Warren Buffett
805, Coinbase
806, Bitcoin;XLMedia;Ripple;Altcoin
807, Cree;Sistema
808, General Electric
809, Matteo Salvini;Silvio Berlusconi
810, Banco Bilbao Vizcaya Argentaria
811, Klinge
812, Apple;S&P 500
813, Virgin America Inc
814, Deutsche Bank;BNP Paribas;Fortis;Danske Bank
815, Sistema;Brexit
816, Cree;Sistema;IHS;REAL
817, Sony
818, Elections;MarketsFlow
819, Apple;salesforce.com;Partnerships
820, EURUSD;Den
821, S&P 500;MarketsFlow
822, Alphabet;International Business Machines;Splunk;Helmerich & Payne;IPOs and New Listings
823, USDCAD;Telephone & Data Systems
824, Brexit;Fraud
825, Neo Corp International
826, Apple;Walt Disney;Netflix;EOG Resources;Sprint;Sapiens International;Accounting and Audit Issues
827, Comcast;Acquisitions
828, Nokia;EURUSD;GBPUSD;MarketsFlow
829, Applied Graphene Materials;IPOs and New Listings
830, General Electric;Dow Jones
831, Sears Holdings;Esterline Technologies;Bankruptcy
832, Bitcoin;ORIX
833, Apple;Gold;Samsung Electronics;Analyst Upgrades;Accounting and Audit Issues;Environmental Group Ltd;Lg Innotek Co
834, Apple;Analyst Upgrades
835, Serabi Gold;IPOs and New Listings
836, Referendum;Den;Theresa May
837, Segura
838, EURUSD;U.S. Dollar Index
839, Apple;Netflix;Oil;Accounting and Audit Issues
840, Genomic Health;IPOs and New Listings;Gamehost Inc
841, Netflix;S&P 500;Sky Plc;Comcast;Spirax-Sarco;Spectrum Rare Earths Ltd
842, Apple;Dow Jones;Accounting and Audit Issues
843, Facebook;IPOs and New Listings
844, Sears Holdings
845, Apple;Unione di Banche Italiane
846, Tesla;General Motors;Intercontinental Exchange
847, Goldman Sachs;S&P 500
848, Deutsche Bank;KPMG
849, Fiat Chrysler Automobiles
850, Apple;Drax;Gas Natural;Iberdrola SA
851, TransCanada
852, Walt Disney;Fox Marble
853, U.S. Dollar Index
854, Bank of America
855, General Electric;Baker Hughes;Gefran SpA
856, Tesco;FTSE 100;Tractor Supply
857, Caterpillar;Analyst Upgrades
858, Nike;Gap Inc;ARMOUR;Earnings;Gps Alliance Holdings
859, Square;PayPal;Stripe
860, EURCHF
861, Donald Trump;Emmanuel Macron
862, Bloomberg;Eric Schmidt;Michael Bloomberg
863, Cosmos
864, Den;Theresa May
865, IPOs and New Listings;Cartrack Holdings
866, Nordea Bank
867, Apple;AT&T;Walt Disney;Netflix;Sky Plc;Amazon;Comcast;Twenty First Century Fox;Time Warner;UBS Group;Fox Marble;MarketsFlow
868, International Business Machines;Wal-Mart Stores
869, AngloGold Ashanti;BTC iShares Core U.S. Aggregate Bond ETF
870, AT&T;Total Produce;WeTrust;T Engineering PCL
871, Bitcoin Cash
872, Commonwealth Bank of Australia;Money Laundering
873, Apple;Sistema;SEIS
874, Luxottica
875, Danske Bank;Den
876, Apple;Sistema
877, Apple;Netflix
878, Microsoft;Sony;Nintendo;United States Steel
879, AVEVA;Sistema
880, Lyft
881, Amazon;Snap Inc;Partnerships
882, USDJPY;USDCAD;AUDUSD
883, Facebook;Tesla;Bayerische Motoren Werke;Carclo
884, Exxon Mobil;CNOOC;Ecopetrol SA;PetroChina Company;China Petroleum & Chemical;PetroNeft Resources;IPOs and New Listings;Petratherm Ltd;Geopark Ltd;S & P Syndicate PCL
885, Apple;Alphabet;Amazon
886, Berkeley Holdings;Apple iOS
887, Alphabet;Yelp
888, Visa;Kasikornbank
889, Apple;Dow Chemical;Accounting and Audit Issues
890, Twitter;Amazon
891, S&P 500;Federal Reserve System
892, Intel;Swissco Holdings
893, GBPUSD;Global Petroleum
894, Alphabet;Wal-Mart Stores;Amazon;Przedsiebiorstwo Hydrauliki Silowej HYDROTOR
895, Bitcoin;Banco de Chile;Ethereum;Bitcoin Cash;Bangkok Chain Hospital Pcl;BEGistics PCL
896, Petrobras SA;Raia Drogasil SA;Ibovespa
897, Ventas;Brexit
898, JD.com;Alibaba;Tencent Holdings;Baidu;JD Sports Fashion;Vipshop Holdings
899, Ventas;Cintas
900, Weight Watchers;Den
901, Bank of America;General Electric;Starbucks;Advanced Micro Devices;Fortive
902, Donald Trump;Esprit;Kim Jong Un
903, Exxon Mobil;Walt Disney;Dow Jones;Michael Kors Holdings;Sirius XM;Pandora Media
904, Informa;Brexit;Donald Trump;Bloomberg
905, Apple;Oil
906, Sky Plc;Shire
907, Comcast;T-Mobile;Sprint
908, Ibovespa Brasil Sao Paulo Stock Exchange Index
909, Oil;Brexit
910, BCE;Sistema;Mario Draghi
911, Carillion
912, Airbnb
913, Sberbank of Russia
914, AT&T;Walt Disney;Netflix;Sky Plc;Comcast;DataTec;Fox Marble;Business Expansion;Dusit Thani Public Co
915, Nike;Fidia SpA;Earnings
916, Fiserv
917, Philip Morris;Brexit
918, Xerox;FUJIFILM Holdings
919, Apple;Bayer
920, BreadTalk Group
921, Westpac Banking
922, Intel;Earnings
923, Oil;Earnings
924, Nike;Saga
925, Apple;Netflix;Dow Jones;Amazon;Adobe Systems;NVIDIA
926, Facebook;Alphabet;S&P 500
927, Gap Inc
928, Bitcoin;Ethereum;Litecoin;Ripple;Monero;Eaton Vance Enhanced Equity Income Fund II;EOS;Bitcoin Cash;Cardano;Stellar
929, Bitcoin;Bitcoin Conference
930, Stripe
931, Bitcoin;ProShares UltraShort Nasdaq Biotechnology;Bisalloy Steel Group Ltd
932, Premier Technology PCL
933, Medtronic;Stryker;Zimmer;NuVasive;IPOs and New Listings;Globus Medical Inc
934, Amazon;IPOs and New Listings
935, Amazon;Babcock
936, Goldman Sachs;GBPUSD;Brexit;Global Petroleum
937, Caledonian Trust
938, Apple;Netflix;Sony;UBS Group;Spotify;Analyst Buy Rating
939, Wal-Mart Stores;Amazon
940, Ascena Retail;Earnings
941, USDCNY
942, Herbalife
943, Saga
944, Apple;Facebook;Alphabet;Twitter
945, Apple;USDJPY;Accounting and Audit Issues
946, Cree;Informa;Humana;Sistema;SEIS;REAL
947, Apple;Twitter;Metro
948, Canadian Imperial Bank of Commerce
949, Dalradian Resources
950, Twitter;Asura Development
951, REAL;Magos
952, EURCAD
953, Telstra;Telestrada SA
954, Rentokil Initial
955, Workspace
956, Tesla;AutoNation;Alternative Networks
957, Cree;CAE;Fintech;Centra
958, Ventas;PayPal
959, RWE;Den
960, NSE Nifty;Axis Bank
961, Oil;EOG Resources
962, Apple;Cintas
963, Emperador
964, Informa;Banco Mercantil de Investimentos SA
965, Cree;Lenta;SEIS
966, Airbus
967, Shanghai Composite;Hang Seng;Den
968, Apple;Alphabet;Earnings
969, Apple;Accounting and Audit Issues;IPOs and New Listings;Technical Analysis
970, Apple;Netflix;Accounting and Audit Issues;Earnings
971, Facebook;Acquisitions
972, Amber
973, Apple;Infosys;ICICI Bank;Accounting and Audit Issues;Kajaria Ceramics Ltd
974, Discovery Holdings
975, Brent Oil;MarketsFlow
976, USDJPY;Brexit;Snap Inc
977, ISA
978, Axis Bank;Karnataka Bank Ltd
979, Karnataka Bank Ltd
980, Elections;Karnataka Bank Ltd
981, NSE Nifty;BSE Sensex;Yes Bank;MarketsFlow
982, Donald Trump;Hillary Clinton
983, Apple;Brexit;Theresa May
984, Cree;Sistema;Brexit;SEIS;George Soros;Kim Jong Un;Viktor Orban
985, Apple;Sistema;Brexit;Donald Trump;Mario Draghi;Matteo Salvini
986, Oil;Unione di Banche Italiane;Indian Oil Corporation;Indian Oil Corp
987, NSE Nifty;Titan Company
988, Infosys;SAP;Saputo;SES SA;Plutus PowerGen;International Press Softcom;Ipsa Group;Sappi Limited;Titan Company
989, General Electric;Amazon;Comcast;Sirius XM;Snap Inc
990, Verizon
991, Infosys;SAP;Saputo;SES SA;Plutus PowerGen;Sappi Limited
992, ARM;Den
993, Den;Lobster
994, InterContinental;Den
995, Apple;Accounting and Audit Issues;Andhra Petrochemicals Ltd
996, Facebook;Twitter;Nike;REAL;Den
997, Sage;Dentsu;Den
998, Oil;BSE Sensex
999, NSE Nifty;Bharti Airtel;ACC
